{"cameraMode":{"drawMode":0,"name":"Shaded","section":"Shading Mode"},"sceneLighting":false,"audioPlay":false,"sceneViewState":{"m_AlwaysRefresh":false,"showFog":true,"showSkybox":false,"showFlares":true,"showImageEffects":true,"showParticleSystems":true,"showVisualEffectGraphs":true,"m_FxEnabled":true},"in2DMode":false,"pivot":{"x":2.103651523590088,"y":16.520919799804689,"z":9.228795051574707},"rotation":{"x":-0.40922659635543826,"y":0.43683427572250368,"z":-0.23472274839878083,"w":-0.7663392424583435},"size":0.00005168846473679878,"orthographic":false}