{"cameraMode":{"drawMode":0,"name":"Shaded","section":"Shading Mode"},"sceneLighting":true,"audioPlay":false,"sceneViewState":{"m_AlwaysRefresh":false,"showFog":true,"showSkybox":true,"showFlares":true,"showImageEffects":true,"showParticleSystems":true,"showVisualEffectGraphs":true,"m_FxEnabled":true},"in2DMode":false,"pivot":{"x":21.15876007080078,"y":3.4156265258789064,"z":-44.61117935180664},"rotation":{"x":0.09067436307668686,"y":-0.8975586295127869,"z":0.22760507464408875,"w":0.36658352613449099},"size":2.4401283264160158,"orthographic":false}